id,first_name,last_name,email,phone,created_at,contact_id
1,Anna,Svensson,anna.svensson@example.com,0723212718,2024-08-26 12:46:57.519161,3
2,Erik,Johansson,erik.johansson@example.com,0732456723,2024-08-26 12:46:57.519161,3
3,Maria,Lindberg,maria.lindberg@example.com,0723345678,2024-08-26 12:46:57.519161,3
4,Lars,Nilsson,lars.nilsson@example.com,0734567891,2024-08-26 12:46:57.519161,3
5,Emma,Andersson,emma.andersson@example.com,0729876543,2024-08-26 12:46:57.519161,3
6,Johan,Karlsson,johan.karlsson@example.com,0726789123,2024-08-26 12:46:57.519161,3
7,Eva,Larsson,eva.larsson@example.com,0731234567,2024-08-26 12:46:57.519161,3
8,Oskar,Olsson,oskar.olsson@example.com,0725432198,2024-08-26 12:46:57.519161,3
9,Sara,Persson,sara.persson@example.com,0738765432,2024-08-26 12:46:57.519161,3
10,Fredrik,Eriksson,fredrik.eriksson@example.com,0722345678,2024-08-26 12:46:57.519161,3
11,Gustav,Berg,gustav.berg@example.com,0739876543,2024-08-26 13:00:38.155961,3
12,Helena,Nilsson,helena.nilsson@example.com,0728765432,2024-08-26 13:00:38.155961,3
13,Lena,Karlsson,lena.karlsson@example.com,0737654321,2024-08-26 13:00:38.155961,3
14,Mattias,Hansson,mattias.hansson@example.com,0726543210,2024-08-26 13:00:38.155961,3
15,Kristina,Andersson,kristina.andersson@example.com,0735432109,2024-08-26 13:00:38.155961,3
16,Simon,Pettersson,simon.pettersson@example.com,0724321098,2024-08-26 13:00:38.155961,3
17,Elin,Sjöberg,elin.sjoberg@example.com,0733210987,2024-08-26 13:00:38.155961,3
18,Martin,Eriksson,martin.eriksson@example.com,0722109876,2024-08-26 13:00:38.155961,3
19,Sofia,Holm,sofia.holm@example.com,0731098765,2024-08-26 13:00:38.155961,3
20,Henrik,Larsson,henrik.larsson@example.com,0720987654,2024-08-26 13:00:38.155961,3
21,Jenny,Bengtsson,jenny.bengtsson@example.com,0739876542,2024-08-26 13:00:38.155961,3
22,Niklas,Sundström,niklas.sundstrom@example.com,0728765431,2024-08-26 13:00:38.155961,3
23,Ulrika,Bergström,ulrika.bergstrom@example.com,0737654320,2024-08-26 13:00:38.155961,3
24,Mats,Lindqvist,mats.lindqvist@example.com,0726543219,2024-08-26 13:00:38.155961,3
25,Therese,Johansson,therese.johansson@example.com,0735432108,2024-08-26 13:00:38.155961,3
26,Jonas,Nilsson,jonas.nilsson@example.com,0724321097,2024-08-26 13:00:38.155961,3
27,Malin,Håkansson,malin.hakansson@example.com,0733210986,2024-08-26 13:00:38.155961,3
28,Pär,Olsson,par.olsson@example.com,0722109875,2024-08-26 13:00:38.155961,3
29,Katarina,Lund,katarina.lund@example.com,0731098764,2024-08-26 13:00:38.155961,3
30,Peter,Blom,peter.blom@example.com,0720987653,2024-08-26 13:00:38.155961,3
